{"x_min":[-300,11,1.11727191819283],"x_max":[100,43,5.01250761470128],"y_min":-1,"y_max":1,"IW":[[3.7415859684876964,14.364230893199517,2.5914524660768956],[10.17022732275333,-0.289465048249263,-8.3665073835954971],[-7.2975037187279268,0.8095440549035372,7.027537258715757],[8.05106828761296,5.5856982488165521,-1.9381763896202984],[-6.8679704966829478,4.7612621073415076,-4.8352631390771368],[-22.491256410095108,-0.0439195391296368,24.758490948033902],[-5.2708790057555621,-5.27721189835445,-3.3008443681786059],[-6.923026602076777,-0.025428934404997161,7.7265399663371861],[7.66627178761028,-2.2615226027274393,2.9951095077043126],[4.7868766078446443,-4.8608329483705308,4.6012929924392214],[-8.3761742240421082,3.4527083132620855,-1.0739155990870144],[-17.040821396461393,-0.041626523485771755,18.868787825954758],[-22.756850431531682,-0.064748419903311885,25.416699486218182],[17.909156943642735,-0.41937037954052692,2.1622795469389264],[-23.910991295689332,-0.01417962360271359,25.583631847429629],[0.24038669452715122,5.78614061000084,-4.7760462164872139],[0.94119958938645187,4.6938533967409031,1.673114825808778],[6.1002409777605324,-1.2944653089373326,-5.5597863847375848],[-11.07431309164507,4.396025116878147,9.9080356955505415],[12.950172542184273,0.032404506179930112,-14.343194658319744]],"LW":[-0.024684094586633488,-0.65648722629423661,-0.23009334359556838,-0.0081574005998305832,0.0094052295915679051,-2.5688442851424078,-0.0029510268932623528,-6.4255933484144734,-0.0015600443217602075,-0.00065211656075773907,0.00017089430838517183,-5.1818553520103015,1.2085393987028961,-0.002280651339437949,0.52818332300599991,-0.0093024214366168347,0.040836833210018311,-2.403125036782749,-0.25890608554991762,-12.205845960909203],"b1":[-8.5313617924074183,-6.7702053127111723,2.0241417161213366,-4.8053420415078305,-11.175620684164704,0.49019933258319315,-1.9708682691204116,0.573872293442416,-0.55106293764309955,-1.4932378352989679,0.32786380289398059,-0.31980389476781,2.6753479511145115,7.5155829170153652,0.49644647234900935,-4.6450277947566949,-3.0117439343852164,-3.8748268924872309,7.2014202506589857,-0.025655031626973374],"b2":-1.2648651992570679}